"filename", "language", "Properties", "JavaScript", "JSON", "JSON with Comments", "Prisma", "TypeScript", "Markdown", "SQL", "comment", "blank", "total"
"c:\Users\INNOVACIÓN\Documents\JhonM\Archivos de Backend - COOMUVEMAR\backend-\.env", "Properties", 2, 0, 0, 0, 0, 0, 0, 0, 4, 2, 8
"c:\Users\INNOVACIÓN\Documents\JhonM\Archivos de Backend - COOMUVEMAR\backend-\.eslintrc.js", "JavaScript", 0, 25, 0, 0, 0, 0, 0, 0, 0, 1, 26
"c:\Users\INNOVACIÓN\Documents\JhonM\Archivos de Backend - COOMUVEMAR\backend-\.prettierrc", "JSON", 0, 0, 4, 0, 0, 0, 0, 0, 0, 0, 4
"c:\Users\INNOVACIÓN\Documents\JhonM\Archivos de Backend - COOMUVEMAR\backend-\README.md", "Markdown", 0, 0, 0, 0, 0, 0, 51, 0, 2, 21, 74
"c:\Users\INNOVACIÓN\Documents\JhonM\Archivos de Backend - COOMUVEMAR\backend-\gsc-cloud.json", "JSON", 0, 0, 13, 0, 0, 0, 0, 0, 0, 0, 13
"c:\Users\INNOVACIÓN\Documents\JhonM\Archivos de Backend - COOMUVEMAR\backend-\nest-cli.json", "JSON", 0, 0, 8, 0, 0, 0, 0, 0, 0, 1, 9
"c:\Users\INNOVACIÓN\Documents\JhonM\Archivos de Backend - COOMUVEMAR\backend-\package-lock.json", "JSON", 0, 0, 14380, 0, 0, 0, 0, 0, 0, 1, 14381
"c:\Users\INNOVACIÓN\Documents\JhonM\Archivos de Backend - COOMUVEMAR\backend-\package.json", "JSON", 0, 0, 92, 0, 0, 0, 0, 0, 0, 1, 93
"c:\Users\INNOVACIÓN\Documents\JhonM\Archivos de Backend - COOMUVEMAR\backend-\prisma\migrations\20240119203528_shema_1\migration.sql", "SQL", 0, 0, 0, 0, 0, 0, 0, 106, 28, 39, 173
"c:\Users\INNOVACIÓN\Documents\JhonM\Archivos de Backend - COOMUVEMAR\backend-\prisma\migrations\20240122223637_edit_finca\migration.sql", "SQL", 0, 0, 0, 0, 0, 0, 0, 2, 1, 1, 4
"c:\Users\INNOVACIÓN\Documents\JhonM\Archivos de Backend - COOMUVEMAR\backend-\prisma\migrations\20240123171350_edit_finca_2\migration.sql", "SQL", 0, 0, 0, 0, 0, 0, 0, 1, 1, 1, 3
"c:\Users\INNOVACIÓN\Documents\JhonM\Archivos de Backend - COOMUVEMAR\backend-\prisma\migrations\20240123210810_edit_inspector\migration.sql", "SQL", 0, 0, 0, 0, 0, 0, 0, 2, 7, 1, 10
"c:\Users\INNOVACIÓN\Documents\JhonM\Archivos de Backend - COOMUVEMAR\backend-\prisma\migrations\20240124030552_edit_ficha\migration.sql", "SQL", 0, 0, 0, 0, 0, 0, 0, 1, 1, 1, 3
"c:\Users\INNOVACIÓN\Documents\JhonM\Archivos de Backend - COOMUVEMAR\backend-\prisma\migrations\20240124154003_edit_secciones_ficha\migration.sql", "SQL", 0, 0, 0, 0, 0, 0, 0, 0, 0, 1, 1
"c:\Users\INNOVACIÓN\Documents\JhonM\Archivos de Backend - COOMUVEMAR\backend-\prisma\migrations\20240124154854_edit_secciones_ficha\migration.sql", "SQL", 0, 0, 0, 0, 0, 0, 0, 1, 1, 1, 3
"c:\Users\INNOVACIÓN\Documents\JhonM\Archivos de Backend - COOMUVEMAR\backend-\prisma\migrations\20240124174127_modi_foreign_fey\migration.sql", "SQL", 0, 0, 0, 0, 0, 0, 0, 2, 2, 2, 6
"c:\Users\INNOVACIÓN\Documents\JhonM\Archivos de Backend - COOMUVEMAR\backend-\prisma\migrations\20240124181206_modi_dato\migration.sql", "SQL", 0, 0, 0, 0, 0, 0, 0, 4, 4, 4, 12
"c:\Users\INNOVACIÓN\Documents\JhonM\Archivos de Backend - COOMUVEMAR\backend-\prisma\migrations\20240125172243_modi_desicion\migration.sql", "SQL", 0, 0, 0, 0, 0, 0, 0, 7, 15, 6, 28
"c:\Users\INNOVACIÓN\Documents\JhonM\Archivos de Backend - COOMUVEMAR\backend-\prisma\migrations\20240125172822_modi_desicion2\migration.sql", "SQL", 0, 0, 0, 0, 0, 0, 0, 2, 8, 1, 11
"c:\Users\INNOVACIÓN\Documents\JhonM\Archivos de Backend - COOMUVEMAR\backend-\prisma\migrations\20240125230435_modi_info_dato\migration.sql", "SQL", 0, 0, 0, 0, 0, 0, 0, 2, 8, 2, 12
"c:\Users\INNOVACIÓN\Documents\JhonM\Archivos de Backend - COOMUVEMAR\backend-\prisma\migrations\20240201213608_edit_ficha\migration.sql", "SQL", 0, 0, 0, 0, 0, 0, 0, 3, 8, 1, 12
"c:\Users\INNOVACIÓN\Documents\JhonM\Archivos de Backend - COOMUVEMAR\backend-\prisma\migrations\20240212230635_edit_user\migration.sql", "SQL", 0, 0, 0, 0, 0, 0, 0, 55, 41, 28, 124
"c:\Users\INNOVACIÓN\Documents\JhonM\Archivos de Backend - COOMUVEMAR\backend-\prisma\migrations\20240306200446_edit_urltrabajador\migration.sql", "SQL", 0, 0, 0, 0, 0, 0, 0, 1, 1, 1, 3
"c:\Users\INNOVACIÓN\Documents\JhonM\Archivos de Backend - COOMUVEMAR\backend-\prisma\migrations\20240419223155_asignacion_productor_trabajador\migration.sql", "SQL", 0, 0, 0, 0, 0, 0, 0, 11, 3, 4, 18
"c:\Users\INNOVACIÓN\Documents\JhonM\Archivos de Backend - COOMUVEMAR\backend-\prisma\migrations\20240422171942_edit_finca\migration.sql", "SQL", 0, 0, 0, 0, 0, 0, 0, 1, 1, 1, 3
"c:\Users\INNOVACIÓN\Documents\JhonM\Archivos de Backend - COOMUVEMAR\backend-\prisma\migrations\20240423021342_edit_fichaa\migration.sql", "SQL", 0, 0, 0, 0, 0, 0, 0, 1, 1, 1, 3
"c:\Users\INNOVACIÓN\Documents\JhonM\Archivos de Backend - COOMUVEMAR\backend-\prisma\migrations\20240423170655_edit_ficha_productor\migration.sql", "SQL", 0, 0, 0, 0, 0, 0, 0, 3, 9, 3, 15
"c:\Users\INNOVACIÓN\Documents\JhonM\Archivos de Backend - COOMUVEMAR\backend-\prisma\migrations\20240423180356_mmmmmm\migration.sql", "SQL", 0, 0, 0, 0, 0, 0, 0, 5, 13, 3, 21
"c:\Users\INNOVACIÓN\Documents\JhonM\Archivos de Backend - COOMUVEMAR\backend-\prisma\migrations\20240423192541_edit_usuarios\migration.sql", "SQL", 0, 0, 0, 0, 0, 0, 0, 1, 1, 1, 3
"c:\Users\INNOVACIÓN\Documents\JhonM\Archivos de Backend - COOMUVEMAR\backend-\prisma\migrations\20240423194115_edit_usuariosm\migration.sql", "SQL", 0, 0, 0, 0, 0, 0, 0, 1, 7, 1, 9
"c:\Users\INNOVACIÓN\Documents\JhonM\Archivos de Backend - COOMUVEMAR\backend-\prisma\migrations\20240425182855_edit_estado_inspec_ip\migration.sql", "SQL", 0, 0, 0, 0, 0, 0, 0, 1, 1, 1, 3
"c:\Users\INNOVACIÓN\Documents\JhonM\Archivos de Backend - COOMUVEMAR\backend-\prisma\schema.prisma", "Prisma", 0, 0, 0, 0, 126, 0, 0, 0, 2, 36, 164
"c:\Users\INNOVACIÓN\Documents\JhonM\Archivos de Backend - COOMUVEMAR\backend-\src\app.module.ts", "TypeScript", 0, 0, 0, 0, 0, 65, 0, 0, 4, 2, 71
"c:\Users\INNOVACIÓN\Documents\JhonM\Archivos de Backend - COOMUVEMAR\backend-\src\auth\auth.controller.ts", "TypeScript", 0, 0, 0, 0, 0, 33, 0, 0, 0, 4, 37
"c:\Users\INNOVACIÓN\Documents\JhonM\Archivos de Backend - COOMUVEMAR\backend-\src\auth\auth.module.ts", "TypeScript", 0, 0, 0, 0, 0, 15, 0, 0, 0, 1, 16
"c:\Users\INNOVACIÓN\Documents\JhonM\Archivos de Backend - COOMUVEMAR\backend-\src\auth\auth.service.ts", "TypeScript", 0, 0, 0, 0, 0, 138, 0, 0, 12, 23, 173
"c:\Users\INNOVACIÓN\Documents\JhonM\Archivos de Backend - COOMUVEMAR\backend-\src\auth\decorator\get-user.decorator.ts", "TypeScript", 0, 0, 0, 0, 0, 10, 0, 0, 0, 1, 11
"c:\Users\INNOVACIÓN\Documents\JhonM\Archivos de Backend - COOMUVEMAR\backend-\src\auth\decorator\index.ts", "TypeScript", 0, 0, 0, 0, 0, 2, 0, 0, 0, 0, 2
"c:\Users\INNOVACIÓN\Documents\JhonM\Archivos de Backend - COOMUVEMAR\backend-\src\auth\decorator\roles.decorador.ts", "TypeScript", 0, 0, 0, 0, 0, 4, 0, 0, 0, 3, 7
"c:\Users\INNOVACIÓN\Documents\JhonM\Archivos de Backend - COOMUVEMAR\backend-\src\auth\dto\auth.signin.dto.ts", "TypeScript", 0, 0, 0, 0, 0, 22, 0, 0, 0, 3, 25
"c:\Users\INNOVACIÓN\Documents\JhonM\Archivos de Backend - COOMUVEMAR\backend-\src\auth\dto\auth.signup.dto.ts", "TypeScript", 0, 0, 0, 0, 0, 52, 0, 0, 0, 8, 60
"c:\Users\INNOVACIÓN\Documents\JhonM\Archivos de Backend - COOMUVEMAR\backend-\src\auth\dto\index.ts", "TypeScript", 0, 0, 0, 0, 0, 2, 0, 0, 0, 1, 3
"c:\Users\INNOVACIÓN\Documents\JhonM\Archivos de Backend - COOMUVEMAR\backend-\src\auth\entities\auth.entity.ts", "TypeScript", 0, 0, 0, 0, 0, 22, 0, 0, 0, 9, 31
"c:\Users\INNOVACIÓN\Documents\JhonM\Archivos de Backend - COOMUVEMAR\backend-\src\auth\entities\index.ts", "TypeScript", 0, 0, 0, 0, 0, 1, 0, 0, 0, 1, 2
"c:\Users\INNOVACIÓN\Documents\JhonM\Archivos de Backend - COOMUVEMAR\backend-\src\auth\entities\signin.entity.ts", "TypeScript", 0, 0, 0, 0, 0, 11, 0, 0, 0, 5, 16
"c:\Users\INNOVACIÓN\Documents\JhonM\Archivos de Backend - COOMUVEMAR\backend-\src\auth\guard\auth.guard.ts", "TypeScript", 0, 0, 0, 0, 0, 24, 0, 0, 4, 4, 32
"c:\Users\INNOVACIÓN\Documents\JhonM\Archivos de Backend - COOMUVEMAR\backend-\src\auth\guard\index.ts", "TypeScript", 0, 0, 0, 0, 0, 1, 0, 0, 0, 0, 1
"c:\Users\INNOVACIÓN\Documents\JhonM\Archivos de Backend - COOMUVEMAR\backend-\src\auth\guard\jwt.guard.ts", "TypeScript", 0, 0, 0, 0, 0, 6, 0, 0, 0, 2, 8
"c:\Users\INNOVACIÓN\Documents\JhonM\Archivos de Backend - COOMUVEMAR\backend-\src\auth\interfaces\auth.interface.ts", "TypeScript", 0, 0, 0, 0, 0, 9, 0, 0, 0, 1, 10
"c:\Users\INNOVACIÓN\Documents\JhonM\Archivos de Backend - COOMUVEMAR\backend-\src\auth\interfaces\index.ts", "TypeScript", 0, 0, 0, 0, 0, 1, 0, 0, 0, 1, 2
"c:\Users\INNOVACIÓN\Documents\JhonM\Archivos de Backend - COOMUVEMAR\backend-\src\auth\strategy\index.ts", "TypeScript", 0, 0, 0, 0, 0, 1, 0, 0, 0, 1, 2
"c:\Users\INNOVACIÓN\Documents\JhonM\Archivos de Backend - COOMUVEMAR\backend-\src\auth\strategy\jwt.strategy.ts", "TypeScript", 0, 0, 0, 0, 0, 23, 0, 0, 0, 4, 27
"c:\Users\INNOVACIÓN\Documents\JhonM\Archivos de Backend - COOMUVEMAR\backend-\src\auth\util\index.ts", "TypeScript", 0, 0, 0, 0, 0, 1, 0, 0, 0, 0, 1
"c:\Users\INNOVACIÓN\Documents\JhonM\Archivos de Backend - COOMUVEMAR\backend-\src\auth\util\match.role.ts", "TypeScript", 0, 0, 0, 0, 0, 10, 0, 0, 6, 4, 20
"c:\Users\INNOVACIÓN\Documents\JhonM\Archivos de Backend - COOMUVEMAR\backend-\src\common\Dto\dto.Buffer.ts", "TypeScript", 0, 0, 0, 0, 0, 26, 0, 0, 0, 2, 28
"c:\Users\INNOVACIÓN\Documents\JhonM\Archivos de Backend - COOMUVEMAR\backend-\src\common\enum\role.enum.ts", "TypeScript", 0, 0, 0, 0, 0, 4, 0, 0, 0, 1, 5
"c:\Users\INNOVACIÓN\Documents\JhonM\Archivos de Backend - COOMUVEMAR\backend-\src\common\filters\http.filter.exception.ts", "TypeScript", 0, 0, 0, 0, 0, 19, 0, 0, 0, 3, 22
"c:\Users\INNOVACIÓN\Documents\JhonM\Archivos de Backend - COOMUVEMAR\backend-\src\common\filters\prisma.filter.exception.ts", "TypeScript", 0, 0, 0, 0, 0, 59, 0, 0, 5, 4, 68
"c:\Users\INNOVACIÓN\Documents\JhonM\Archivos de Backend - COOMUVEMAR\backend-\src\common\google_cloud\cloud_storage\index.ts", "TypeScript", 0, 0, 0, 0, 0, 2, 0, 0, 0, 1, 3
"c:\Users\INNOVACIÓN\Documents\JhonM\Archivos de Backend - COOMUVEMAR\backend-\src\common\google_cloud\cloud_storage\key.gcs.ts", "TypeScript", 0, 0, 0, 0, 0, 16, 0, 0, 0, 1, 17
"c:\Users\INNOVACIÓN\Documents\JhonM\Archivos de Backend - COOMUVEMAR\backend-\src\common\google_cloud\google.module.ts", "TypeScript", 0, 0, 0, 0, 0, 7, 0, 0, 0, 2, 9
"c:\Users\INNOVACIÓN\Documents\JhonM\Archivos de Backend - COOMUVEMAR\backend-\src\common\google_cloud\upload-google.service.ts", "TypeScript", 0, 0, 0, 0, 0, 46, 0, 0, 2, 15, 63
"c:\Users\INNOVACIÓN\Documents\JhonM\Archivos de Backend - COOMUVEMAR\backend-\src\common\index.ts", "TypeScript", 0, 0, 0, 0, 0, 0, 0, 0, 0, 1, 1
"c:\Users\INNOVACIÓN\Documents\JhonM\Archivos de Backend - COOMUVEMAR\backend-\src\dashboard\dashboard.controller.ts", "TypeScript", 0, 0, 0, 0, 0, 34, 0, 0, 23, 8, 65
"c:\Users\INNOVACIÓN\Documents\JhonM\Archivos de Backend - COOMUVEMAR\backend-\src\dashboard\dashboard.module.ts", "TypeScript", 0, 0, 0, 0, 0, 8, 0, 0, 0, 2, 10
"c:\Users\INNOVACIÓN\Documents\JhonM\Archivos de Backend - COOMUVEMAR\backend-\src\dashboard\dashboard.service.ts", "TypeScript", 0, 0, 0, 0, 0, 182, 0, 0, 23, 35, 240
"c:\Users\INNOVACIÓN\Documents\JhonM\Archivos de Backend - COOMUVEMAR\backend-\src\dashboard\dto\create-dashboard.dto.ts", "TypeScript", 0, 0, 0, 0, 0, 20, 0, 0, 8, 5, 33
"c:\Users\INNOVACIÓN\Documents\JhonM\Archivos de Backend - COOMUVEMAR\backend-\src\dashboard\dto\index.ts", "TypeScript", 0, 0, 0, 0, 0, 1, 0, 0, 0, 1, 2
"c:\Users\INNOVACIÓN\Documents\JhonM\Archivos de Backend - COOMUVEMAR\backend-\src\dashboard\interfaces\dashboard.interface.ts", "TypeScript", 0, 0, 0, 0, 0, 9, 0, 0, 0, 1, 10
"c:\Users\INNOVACIÓN\Documents\JhonM\Archivos de Backend - COOMUVEMAR\backend-\src\dashboard\interfaces\index.ts", "TypeScript", 0, 0, 0, 0, 0, 1, 0, 0, 0, 0, 1
"c:\Users\INNOVACIÓN\Documents\JhonM\Archivos de Backend - COOMUVEMAR\backend-\src\dashboard\spec\dashboard.controller.spec.ts", "TypeScript", 0, 0, 0, 0, 0, 16, 0, 0, 0, 5, 21
"c:\Users\INNOVACIÓN\Documents\JhonM\Archivos de Backend - COOMUVEMAR\backend-\src\dashboard\spec\dashboard.service.spec.ts", "TypeScript", 0, 0, 0, 0, 0, 14, 0, 0, 0, 5, 19
"c:\Users\INNOVACIÓN\Documents\JhonM\Archivos de Backend - COOMUVEMAR\backend-\src\dato\dato.controller.ts", "TypeScript", 0, 0, 0, 0, 0, 92, 0, 0, 0, 8, 100
"c:\Users\INNOVACIÓN\Documents\JhonM\Archivos de Backend - COOMUVEMAR\backend-\src\dato\dato.module.ts", "TypeScript", 0, 0, 0, 0, 0, 11, 0, 0, 0, 2, 13
"c:\Users\INNOVACIÓN\Documents\JhonM\Archivos de Backend - COOMUVEMAR\backend-\src\dato\dato.service.ts", "TypeScript", 0, 0, 0, 0, 0, 48, 0, 0, 1, 8, 57
"c:\Users\INNOVACIÓN\Documents\JhonM\Archivos de Backend - COOMUVEMAR\backend-\src\dato\dto\create-dato.dto.ts", "TypeScript", 0, 0, 0, 0, 0, 22, 0, 0, 0, 4, 26
"c:\Users\INNOVACIÓN\Documents\JhonM\Archivos de Backend - COOMUVEMAR\backend-\src\dato\dto\index.ts", "TypeScript", 0, 0, 0, 0, 0, 2, 0, 0, 0, 0, 2
"c:\Users\INNOVACIÓN\Documents\JhonM\Archivos de Backend - COOMUVEMAR\backend-\src\dato\dto\update-dato.dto.ts", "TypeScript", 0, 0, 0, 0, 0, 3, 0, 0, 0, 2, 5
"c:\Users\INNOVACIÓN\Documents\JhonM\Archivos de Backend - COOMUVEMAR\backend-\src\dato\entities\dato.entity.ts", "TypeScript", 0, 0, 0, 0, 0, 13, 0, 0, 0, 5, 18
"c:\Users\INNOVACIÓN\Documents\JhonM\Archivos de Backend - COOMUVEMAR\backend-\src\dato\entities\entities\index.ts", "TypeScript", 0, 0, 0, 0, 0, 2, 0, 0, 0, 1, 3
"c:\Users\INNOVACIÓN\Documents\JhonM\Archivos de Backend - COOMUVEMAR\backend-\src\dato\entities\entities\productor.entity.ts", "TypeScript", 0, 0, 0, 0, 0, 22, 0, 0, 0, 8, 30
"c:\Users\INNOVACIÓN\Documents\JhonM\Archivos de Backend - COOMUVEMAR\backend-\src\dato\entities\entities\update.productor.entity.ts", "TypeScript", 0, 0, 0, 0, 0, 2, 0, 0, 0, 2, 4
"c:\Users\INNOVACIÓN\Documents\JhonM\Archivos de Backend - COOMUVEMAR\backend-\src\dato\entities\index.ts", "TypeScript", 0, 0, 0, 0, 0, 2, 0, 0, 0, 0, 2
"c:\Users\INNOVACIÓN\Documents\JhonM\Archivos de Backend - COOMUVEMAR\backend-\src\dato\entities\update.dato.entity.ts", "TypeScript", 0, 0, 0, 0, 0, 2, 0, 0, 0, 2, 4
"c:\Users\INNOVACIÓN\Documents\JhonM\Archivos de Backend - COOMUVEMAR\backend-\src\dato\interfaces\dato.interface.ts", "TypeScript", 0, 0, 0, 0, 0, 5, 0, 0, 0, 1, 6
"c:\Users\INNOVACIÓN\Documents\JhonM\Archivos de Backend - COOMUVEMAR\backend-\src\dato\interfaces\index.ts", "TypeScript", 0, 0, 0, 0, 0, 1, 0, 0, 0, 1, 2
"c:\Users\INNOVACIÓN\Documents\JhonM\Archivos de Backend - COOMUVEMAR\backend-\src\dato\spec\dato.controller.spec.ts", "TypeScript", 0, 0, 0, 0, 0, 16, 0, 0, 0, 5, 21
"c:\Users\INNOVACIÓN\Documents\JhonM\Archivos de Backend - COOMUVEMAR\backend-\src\dato\spec\dato.service.spec.ts", "TypeScript", 0, 0, 0, 0, 0, 14, 0, 0, 0, 5, 19
"c:\Users\INNOVACIÓN\Documents\JhonM\Archivos de Backend - COOMUVEMAR\backend-\src\desicion\desicion.controller.ts", "TypeScript", 0, 0, 0, 0, 0, 93, 0, 0, 0, 7, 100
"c:\Users\INNOVACIÓN\Documents\JhonM\Archivos de Backend - COOMUVEMAR\backend-\src\desicion\desicion.module.ts", "TypeScript", 0, 0, 0, 0, 0, 9, 0, 0, 0, 2, 11
"c:\Users\INNOVACIÓN\Documents\JhonM\Archivos de Backend - COOMUVEMAR\backend-\src\desicion\desicion.service.ts", "TypeScript", 0, 0, 0, 0, 0, 53, 0, 0, 0, 8, 61
"c:\Users\INNOVACIÓN\Documents\JhonM\Archivos de Backend - COOMUVEMAR\backend-\src\desicion\dto\create-desicion.dto.ts", "TypeScript", 0, 0, 0, 0, 0, 16, 0, 0, 0, 4, 20
"c:\Users\INNOVACIÓN\Documents\JhonM\Archivos de Backend - COOMUVEMAR\backend-\src\desicion\dto\index.ts", "TypeScript", 0, 0, 0, 0, 0, 2, 0, 0, 0, 0, 2
"c:\Users\INNOVACIÓN\Documents\JhonM\Archivos de Backend - COOMUVEMAR\backend-\src\desicion\dto\update-desicion.dto.ts", "TypeScript", 0, 0, 0, 0, 0, 3, 0, 0, 0, 2, 5
"c:\Users\INNOVACIÓN\Documents\JhonM\Archivos de Backend - COOMUVEMAR\backend-\src\desicion\entities\desicion.entity.ts", "TypeScript", 0, 0, 0, 0, 0, 12, 0, 0, 0, 5, 17
"c:\Users\INNOVACIÓN\Documents\JhonM\Archivos de Backend - COOMUVEMAR\backend-\src\desicion\entities\index.ts", "TypeScript", 0, 0, 0, 0, 0, 2, 0, 0, 0, 0, 2
"c:\Users\INNOVACIÓN\Documents\JhonM\Archivos de Backend - COOMUVEMAR\backend-\src\desicion\entities\update.desicion.entity.ts", "TypeScript", 0, 0, 0, 0, 0, 2, 0, 0, 0, 2, 4
"c:\Users\INNOVACIÓN\Documents\JhonM\Archivos de Backend - COOMUVEMAR\backend-\src\desicion\interfaces\desicion.interface.ts", "TypeScript", 0, 0, 0, 0, 0, 5, 0, 0, 0, 1, 6
"c:\Users\INNOVACIÓN\Documents\JhonM\Archivos de Backend - COOMUVEMAR\backend-\src\desicion\interfaces\index.ts", "TypeScript", 0, 0, 0, 0, 0, 1, 0, 0, 0, 0, 1
"c:\Users\INNOVACIÓN\Documents\JhonM\Archivos de Backend - COOMUVEMAR\backend-\src\desicion\spec\desicion.controller.spec.ts", "TypeScript", 0, 0, 0, 0, 0, 16, 0, 0, 0, 5, 21
"c:\Users\INNOVACIÓN\Documents\JhonM\Archivos de Backend - COOMUVEMAR\backend-\src\desicion\spec\desicion.service.spec.ts", "TypeScript", 0, 0, 0, 0, 0, 14, 0, 0, 0, 5, 19
"c:\Users\INNOVACIÓN\Documents\JhonM\Archivos de Backend - COOMUVEMAR\backend-\src\documento\documento.controller.ts", "TypeScript", 0, 0, 0, 0, 0, 93, 0, 0, 0, 7, 100
"c:\Users\INNOVACIÓN\Documents\JhonM\Archivos de Backend - COOMUVEMAR\backend-\src\documento\documento.module.ts", "TypeScript", 0, 0, 0, 0, 0, 8, 0, 0, 0, 2, 10
"c:\Users\INNOVACIÓN\Documents\JhonM\Archivos de Backend - COOMUVEMAR\backend-\src\documento\documento.service.ts", "TypeScript", 0, 0, 0, 0, 0, 53, 0, 0, 0, 8, 61
"c:\Users\INNOVACIÓN\Documents\JhonM\Archivos de Backend - COOMUVEMAR\backend-\src\documento\dto\create-documento.dto.ts", "TypeScript", 0, 0, 0, 0, 0, 21, 0, 0, 1, 5, 27
"c:\Users\INNOVACIÓN\Documents\JhonM\Archivos de Backend - COOMUVEMAR\backend-\src\documento\dto\index.ts", "TypeScript", 0, 0, 0, 0, 0, 2, 0, 0, 0, 0, 2
"c:\Users\INNOVACIÓN\Documents\JhonM\Archivos de Backend - COOMUVEMAR\backend-\src\documento\dto\update-documento.dto.ts", "TypeScript", 0, 0, 0, 0, 0, 3, 0, 0, 0, 2, 5
"c:\Users\INNOVACIÓN\Documents\JhonM\Archivos de Backend - COOMUVEMAR\backend-\src\documento\entities\documento.entity.ts", "TypeScript", 0, 0, 0, 0, 0, 15, 0, 0, 0, 6, 21
"c:\Users\INNOVACIÓN\Documents\JhonM\Archivos de Backend - COOMUVEMAR\backend-\src\documento\entities\index.ts", "TypeScript", 0, 0, 0, 0, 0, 2, 0, 0, 0, 1, 3
"c:\Users\INNOVACIÓN\Documents\JhonM\Archivos de Backend - COOMUVEMAR\backend-\src\documento\entities\update.info.dato.entity.ts", "TypeScript", 0, 0, 0, 0, 0, 2, 0, 0, 0, 2, 4
"c:\Users\INNOVACIÓN\Documents\JhonM\Archivos de Backend - COOMUVEMAR\backend-\src\documento\interfaces\documento.interface.ts", "TypeScript", 0, 0, 0, 0, 0, 6, 0, 0, 0, 1, 7
"c:\Users\INNOVACIÓN\Documents\JhonM\Archivos de Backend - COOMUVEMAR\backend-\src\documento\interfaces\index.ts", "TypeScript", 0, 0, 0, 0, 0, 1, 0, 0, 0, 0, 1
"c:\Users\INNOVACIÓN\Documents\JhonM\Archivos de Backend - COOMUVEMAR\backend-\src\documento\spec\documento.controller.spec.ts", "TypeScript", 0, 0, 0, 0, 0, 16, 0, 0, 0, 5, 21
"c:\Users\INNOVACIÓN\Documents\JhonM\Archivos de Backend - COOMUVEMAR\backend-\src\documento\spec\documento.service.spec.ts", "TypeScript", 0, 0, 0, 0, 0, 14, 0, 0, 0, 5, 19
"c:\Users\INNOVACIÓN\Documents\JhonM\Archivos de Backend - COOMUVEMAR\backend-\src\externaldata\dto\create-externaldatum.dto.ts", "TypeScript", 0, 0, 0, 0, 0, 33, 0, 0, 0, 7, 40
"c:\Users\INNOVACIÓN\Documents\JhonM\Archivos de Backend - COOMUVEMAR\backend-\src\externaldata\dto\update-externaldatum.dto.ts", "TypeScript", 0, 0, 0, 0, 0, 5, 0, 0, 0, 2, 7
"c:\Users\INNOVACIÓN\Documents\JhonM\Archivos de Backend - COOMUVEMAR\backend-\src\externaldata\entities\externaldatum.entity.ts", "TypeScript", 0, 0, 0, 0, 0, 1, 0, 0, 0, 1, 2
"c:\Users\INNOVACIÓN\Documents\JhonM\Archivos de Backend - COOMUVEMAR\backend-\src\externaldata\externaldata.controller.ts", "TypeScript", 0, 0, 0, 0, 0, 66, 0, 0, 0, 7, 73
"c:\Users\INNOVACIÓN\Documents\JhonM\Archivos de Backend - COOMUVEMAR\backend-\src\externaldata\externaldata.module.ts", "TypeScript", 0, 0, 0, 0, 0, 8, 0, 0, 0, 2, 10
"c:\Users\INNOVACIÓN\Documents\JhonM\Archivos de Backend - COOMUVEMAR\backend-\src\externaldata\externaldata.service.ts", "TypeScript", 0, 0, 0, 0, 0, 103, 0, 0, 0, 9, 112
"c:\Users\INNOVACIÓN\Documents\JhonM\Archivos de Backend - COOMUVEMAR\backend-\src\externaldata\spec\externaldata.controller.spec.ts", "TypeScript", 0, 0, 0, 0, 0, 16, 0, 0, 0, 5, 21
"c:\Users\INNOVACIÓN\Documents\JhonM\Archivos de Backend - COOMUVEMAR\backend-\src\externaldata\spec\externaldata.service.spec.ts", "TypeScript", 0, 0, 0, 0, 0, 14, 0, 0, 0, 5, 19
"c:\Users\INNOVACIÓN\Documents\JhonM\Archivos de Backend - COOMUVEMAR\backend-\src\ficha\dto\create-ficha.dto.ts", "TypeScript", 0, 0, 0, 0, 0, 39, 0, 0, 1, 6, 46
"c:\Users\INNOVACIÓN\Documents\JhonM\Archivos de Backend - COOMUVEMAR\backend-\src\ficha\dto\index.ts", "TypeScript", 0, 0, 0, 0, 0, 2, 0, 0, 0, 1, 3
"c:\Users\INNOVACIÓN\Documents\JhonM\Archivos de Backend - COOMUVEMAR\backend-\src\ficha\dto\update-ficha.dto.ts", "TypeScript", 0, 0, 0, 0, 0, 3, 0, 0, 0, 2, 5
"c:\Users\INNOVACIÓN\Documents\JhonM\Archivos de Backend - COOMUVEMAR\backend-\src\ficha\entities\ficha.entity.ts", "TypeScript", 0, 0, 0, 0, 0, 17, 0, 0, 0, 7, 24
"c:\Users\INNOVACIÓN\Documents\JhonM\Archivos de Backend - COOMUVEMAR\backend-\src\ficha\entities\index.ts", "TypeScript", 0, 0, 0, 0, 0, 2, 0, 0, 0, 0, 2
"c:\Users\INNOVACIÓN\Documents\JhonM\Archivos de Backend - COOMUVEMAR\backend-\src\ficha\entities\update.productor.entity.ts", "TypeScript", 0, 0, 0, 0, 0, 2, 0, 0, 0, 2, 4
"c:\Users\INNOVACIÓN\Documents\JhonM\Archivos de Backend - COOMUVEMAR\backend-\src\ficha\ficha.controller.ts", "TypeScript", 0, 0, 0, 0, 0, 123, 0, 0, 12, 10, 145
"c:\Users\INNOVACIÓN\Documents\JhonM\Archivos de Backend - COOMUVEMAR\backend-\src\ficha\ficha.module.ts", "TypeScript", 0, 0, 0, 0, 0, 8, 0, 0, 0, 2, 10
"c:\Users\INNOVACIÓN\Documents\JhonM\Archivos de Backend - COOMUVEMAR\backend-\src\ficha\ficha.service.ts", "TypeScript", 0, 0, 0, 0, 0, 214, 0, 0, 0, 26, 240
"c:\Users\INNOVACIÓN\Documents\JhonM\Archivos de Backend - COOMUVEMAR\backend-\src\ficha\interfaces\ficha.interface.return.ts", "TypeScript", 0, 0, 0, 0, 0, 12, 0, 0, 0, 2, 14
"c:\Users\INNOVACIÓN\Documents\JhonM\Archivos de Backend - COOMUVEMAR\backend-\src\ficha\interfaces\ficha.interface.ts", "TypeScript", 0, 0, 0, 0, 0, 8, 0, 0, 0, 2, 10
"c:\Users\INNOVACIÓN\Documents\JhonM\Archivos de Backend - COOMUVEMAR\backend-\src\ficha\interfaces\index.ts", "TypeScript", 0, 0, 0, 0, 0, 2, 0, 0, 0, 1, 3
"c:\Users\INNOVACIÓN\Documents\JhonM\Archivos de Backend - COOMUVEMAR\backend-\src\ficha\spec\ficha.controller.spec.ts", "TypeScript", 0, 0, 0, 0, 0, 16, 0, 0, 0, 5, 21
"c:\Users\INNOVACIÓN\Documents\JhonM\Archivos de Backend - COOMUVEMAR\backend-\src\ficha\spec\ficha.service.spec.ts", "TypeScript", 0, 0, 0, 0, 0, 14, 0, 0, 0, 5, 19
"c:\Users\INNOVACIÓN\Documents\JhonM\Archivos de Backend - COOMUVEMAR\backend-\src\finca\dto\create-finca.dto.ts", "TypeScript", 0, 0, 0, 0, 0, 39, 0, 0, 0, 7, 46
"c:\Users\INNOVACIÓN\Documents\JhonM\Archivos de Backend - COOMUVEMAR\backend-\src\finca\dto\index.ts", "TypeScript", 0, 0, 0, 0, 0, 2, 0, 0, 0, 1, 3
"c:\Users\INNOVACIÓN\Documents\JhonM\Archivos de Backend - COOMUVEMAR\backend-\src\finca\dto\update-finca.dto.ts", "TypeScript", 0, 0, 0, 0, 0, 3, 0, 0, 0, 2, 5
"c:\Users\INNOVACIÓN\Documents\JhonM\Archivos de Backend - COOMUVEMAR\backend-\src\finca\entities\finca.entity.ts", "TypeScript", 0, 0, 0, 0, 0, 20, 0, 0, 0, 8, 28
"c:\Users\INNOVACIÓN\Documents\JhonM\Archivos de Backend - COOMUVEMAR\backend-\src\finca\entities\index.ts", "TypeScript", 0, 0, 0, 0, 0, 2, 0, 0, 0, 2, 4
"c:\Users\INNOVACIÓN\Documents\JhonM\Archivos de Backend - COOMUVEMAR\backend-\src\finca\entities\update.productor.entity.ts", "TypeScript", 0, 0, 0, 0, 0, 2, 0, 0, 0, 2, 4
"c:\Users\INNOVACIÓN\Documents\JhonM\Archivos de Backend - COOMUVEMAR\backend-\src\finca\finca.controller.ts", "TypeScript", 0, 0, 0, 0, 0, 85, 0, 0, 0, 7, 92
"c:\Users\INNOVACIÓN\Documents\JhonM\Archivos de Backend - COOMUVEMAR\backend-\src\finca\finca.module.ts", "TypeScript", 0, 0, 0, 0, 0, 8, 0, 0, 0, 2, 10
"c:\Users\INNOVACIÓN\Documents\JhonM\Archivos de Backend - COOMUVEMAR\backend-\src\finca\finca.service.ts", "TypeScript", 0, 0, 0, 0, 0, 56, 0, 0, 0, 8, 64
"c:\Users\INNOVACIÓN\Documents\JhonM\Archivos de Backend - COOMUVEMAR\backend-\src\finca\interfaces\finca.interface.ts", "TypeScript", 0, 0, 0, 0, 0, 8, 0, 0, 0, 1, 9
"c:\Users\INNOVACIÓN\Documents\JhonM\Archivos de Backend - COOMUVEMAR\backend-\src\finca\interfaces\index.ts", "TypeScript", 0, 0, 0, 0, 0, 1, 0, 0, 0, 0, 1
"c:\Users\INNOVACIÓN\Documents\JhonM\Archivos de Backend - COOMUVEMAR\backend-\src\info-dato\dto\create-info-dato.dto.ts", "TypeScript", 0, 0, 0, 0, 0, 20, 0, 0, 0, 5, 25
"c:\Users\INNOVACIÓN\Documents\JhonM\Archivos de Backend - COOMUVEMAR\backend-\src\info-dato\dto\index.ts", "TypeScript", 0, 0, 0, 0, 0, 2, 0, 0, 0, 1, 3
"c:\Users\INNOVACIÓN\Documents\JhonM\Archivos de Backend - COOMUVEMAR\backend-\src\info-dato\dto\update-info-dato.dto.ts", "TypeScript", 0, 0, 0, 0, 0, 3, 0, 0, 0, 2, 5
"c:\Users\INNOVACIÓN\Documents\JhonM\Archivos de Backend - COOMUVEMAR\backend-\src\info-dato\entities\index.ts", "TypeScript", 0, 0, 0, 0, 0, 1, 0, 0, 0, 0, 1
"c:\Users\INNOVACIÓN\Documents\JhonM\Archivos de Backend - COOMUVEMAR\backend-\src\info-dato\entities\info-dato.entity.ts", "TypeScript", 0, 0, 0, 0, 0, 15, 0, 0, 0, 6, 21
"c:\Users\INNOVACIÓN\Documents\JhonM\Archivos de Backend - COOMUVEMAR\backend-\src\info-dato\entities\update.info.dato.entity.ts", "TypeScript", 0, 0, 0, 0, 0, 2, 0, 0, 0, 2, 4
"c:\Users\INNOVACIÓN\Documents\JhonM\Archivos de Backend - COOMUVEMAR\backend-\src\info-dato\info-dato.controller.ts", "TypeScript", 0, 0, 0, 0, 0, 104, 0, 0, 1, 8, 113
"c:\Users\INNOVACIÓN\Documents\JhonM\Archivos de Backend - COOMUVEMAR\backend-\src\info-dato\info-dato.module.ts", "TypeScript", 0, 0, 0, 0, 0, 8, 0, 0, 0, 2, 10
"c:\Users\INNOVACIÓN\Documents\JhonM\Archivos de Backend - COOMUVEMAR\backend-\src\info-dato\info-dato.service.ts", "TypeScript", 0, 0, 0, 0, 0, 58, 0, 0, 0, 9, 67
"c:\Users\INNOVACIÓN\Documents\JhonM\Archivos de Backend - COOMUVEMAR\backend-\src\info-dato\interfaces\index.ts", "TypeScript", 0, 0, 0, 0, 0, 1, 0, 0, 0, 0, 1
"c:\Users\INNOVACIÓN\Documents\JhonM\Archivos de Backend - COOMUVEMAR\backend-\src\info-dato\interfaces\info.dato.interface.ts", "TypeScript", 0, 0, 0, 0, 0, 6, 0, 0, 0, 1, 7
"c:\Users\INNOVACIÓN\Documents\JhonM\Archivos de Backend - COOMUVEMAR\backend-\src\info-dato\spec\info-dato.controller.spec.ts", "TypeScript", 0, 0, 0, 0, 0, 16, 0, 0, 0, 5, 21
"c:\Users\INNOVACIÓN\Documents\JhonM\Archivos de Backend - COOMUVEMAR\backend-\src\info-dato\spec\info-dato.service.spec.ts", "TypeScript", 0, 0, 0, 0, 0, 14, 0, 0, 0, 5, 19
"c:\Users\INNOVACIÓN\Documents\JhonM\Archivos de Backend - COOMUVEMAR\backend-\src\inspector\dto\create-inspector.dto.ts", "TypeScript", 0, 0, 0, 0, 0, 22, 0, 0, 3, 5, 30
"c:\Users\INNOVACIÓN\Documents\JhonM\Archivos de Backend - COOMUVEMAR\backend-\src\inspector\dto\index.ts", "TypeScript", 0, 0, 0, 0, 0, 3, 0, 0, 0, 1, 4
"c:\Users\INNOVACIÓN\Documents\JhonM\Archivos de Backend - COOMUVEMAR\backend-\src\inspector\dto\inspectorproductor.dto.ts", "TypeScript", 0, 0, 0, 0, 0, 16, 0, 0, 0, 4, 20
"c:\Users\INNOVACIÓN\Documents\JhonM\Archivos de Backend - COOMUVEMAR\backend-\src\inspector\dto\update-inspector.dto.ts", "TypeScript", 0, 0, 0, 0, 0, 3, 0, 0, 0, 2, 5
"c:\Users\INNOVACIÓN\Documents\JhonM\Archivos de Backend - COOMUVEMAR\backend-\src\inspector\entities\index.ts", "TypeScript", 0, 0, 0, 0, 0, 1, 0, 0, 0, 0, 1
"c:\Users\INNOVACIÓN\Documents\JhonM\Archivos de Backend - COOMUVEMAR\backend-\src\inspector\entities\inspector.entity.ts", "TypeScript", 0, 0, 0, 0, 0, 16, 0, 0, 0, 6, 22
"c:\Users\INNOVACIÓN\Documents\JhonM\Archivos de Backend - COOMUVEMAR\backend-\src\inspector\entities\update.productor.entity.ts", "TypeScript", 0, 0, 0, 0, 0, 2, 0, 0, 0, 2, 4
"c:\Users\INNOVACIÓN\Documents\JhonM\Archivos de Backend - COOMUVEMAR\backend-\src\inspector\inspector.controller.ts", "TypeScript", 0, 0, 0, 0, 0, 149, 0, 0, 2, 14, 165
"c:\Users\INNOVACIÓN\Documents\JhonM\Archivos de Backend - COOMUVEMAR\backend-\src\inspector\inspector.module.ts", "TypeScript", 0, 0, 0, 0, 0, 10, 0, 0, 0, 2, 12
"c:\Users\INNOVACIÓN\Documents\JhonM\Archivos de Backend - COOMUVEMAR\backend-\src\inspector\inspector.service.ts", "TypeScript", 0, 0, 0, 0, 0, 194, 0, 0, 32, 32, 258
"c:\Users\INNOVACIÓN\Documents\JhonM\Archivos de Backend - COOMUVEMAR\backend-\src\inspector\interfaces\index.ts", "TypeScript", 0, 0, 0, 0, 0, 1, 0, 0, 0, 0, 1
"c:\Users\INNOVACIÓN\Documents\JhonM\Archivos de Backend - COOMUVEMAR\backend-\src\inspector\interfaces\interfaces.interface.ts", "TypeScript", 0, 0, 0, 0, 0, 7, 0, 0, 0, 2, 9
"c:\Users\INNOVACIÓN\Documents\JhonM\Archivos de Backend - COOMUVEMAR\backend-\src\inspector\spec\inspector.controller.spec.ts", "TypeScript", 0, 0, 0, 0, 0, 16, 0, 0, 0, 5, 21
"c:\Users\INNOVACIÓN\Documents\JhonM\Archivos de Backend - COOMUVEMAR\backend-\src\inspector\spec\inspector.service.spec.ts", "TypeScript", 0, 0, 0, 0, 0, 14, 0, 0, 0, 5, 19
"c:\Users\INNOVACIÓN\Documents\JhonM\Archivos de Backend - COOMUVEMAR\backend-\src\main.ts", "TypeScript", 0, 0, 0, 0, 0, 16, 0, 0, 1, 4, 21
"c:\Users\INNOVACIÓN\Documents\JhonM\Archivos de Backend - COOMUVEMAR\backend-\src\prisma\prisma.module.ts", "TypeScript", 0, 0, 0, 0, 0, 8, 0, 0, 0, 2, 10
"c:\Users\INNOVACIÓN\Documents\JhonM\Archivos de Backend - COOMUVEMAR\backend-\src\prisma\prisma.service.ts", "TypeScript", 0, 0, 0, 0, 0, 15, 0, 0, 6, 3, 24
"c:\Users\INNOVACIÓN\Documents\JhonM\Archivos de Backend - COOMUVEMAR\backend-\src\productor\dto\create-productor.dto.ts", "TypeScript", 0, 0, 0, 0, 0, 42, 0, 0, 4, 8, 54
"c:\Users\INNOVACIÓN\Documents\JhonM\Archivos de Backend - COOMUVEMAR\backend-\src\productor\dto\index.ts", "TypeScript", 0, 0, 0, 0, 0, 2, 0, 0, 0, 1, 3
"c:\Users\INNOVACIÓN\Documents\JhonM\Archivos de Backend - COOMUVEMAR\backend-\src\productor\dto\update-productor.dto.ts", "TypeScript", 0, 0, 0, 0, 0, 3, 0, 0, 0, 2, 5
"c:\Users\INNOVACIÓN\Documents\JhonM\Archivos de Backend - COOMUVEMAR\backend-\src\productor\entities\index.ts", "TypeScript", 0, 0, 0, 0, 0, 2, 0, 0, 0, 1, 3
"c:\Users\INNOVACIÓN\Documents\JhonM\Archivos de Backend - COOMUVEMAR\backend-\src\productor\entities\productor.entity.ts", "TypeScript", 0, 0, 0, 0, 0, 22, 0, 0, 0, 8, 30
"c:\Users\INNOVACIÓN\Documents\JhonM\Archivos de Backend - COOMUVEMAR\backend-\src\productor\entities\update.productor.entity.ts", "TypeScript", 0, 0, 0, 0, 0, 2, 0, 0, 0, 2, 4
"c:\Users\INNOVACIÓN\Documents\JhonM\Archivos de Backend - COOMUVEMAR\backend-\src\productor\enums\index.ts", "TypeScript", 0, 0, 0, 0, 0, 1, 0, 0, 0, 0, 1
"c:\Users\INNOVACIÓN\Documents\JhonM\Archivos de Backend - COOMUVEMAR\backend-\src\productor\enums\scope.enum.ts", "TypeScript", 0, 0, 0, 0, 0, 4, 0, 0, 0, 1, 5
"c:\Users\INNOVACIÓN\Documents\JhonM\Archivos de Backend - COOMUVEMAR\backend-\src\productor\interfaces\index.ts", "TypeScript", 0, 0, 0, 0, 0, 2, 0, 0, 0, 0, 2
"c:\Users\INNOVACIÓN\Documents\JhonM\Archivos de Backend - COOMUVEMAR\backend-\src\productor\interfaces\productor.interface.ts", "TypeScript", 0, 0, 0, 0, 0, 8, 0, 0, 0, 1, 9
"c:\Users\INNOVACIÓN\Documents\JhonM\Archivos de Backend - COOMUVEMAR\backend-\src\productor\interfaces\profile.interface.ts", "TypeScript", 0, 0, 0, 0, 0, 6, 0, 0, 0, 1, 7
"c:\Users\INNOVACIÓN\Documents\JhonM\Archivos de Backend - COOMUVEMAR\backend-\src\productor\productor.controller.ts", "TypeScript", 0, 0, 0, 0, 0, 121, 0, 0, 3, 9, 133
"c:\Users\INNOVACIÓN\Documents\JhonM\Archivos de Backend - COOMUVEMAR\backend-\src\productor\productor.module.ts", "TypeScript", 0, 0, 0, 0, 0, 8, 0, 0, 0, 2, 10
"c:\Users\INNOVACIÓN\Documents\JhonM\Archivos de Backend - COOMUVEMAR\backend-\src\productor\productor.service.ts", "TypeScript", 0, 0, 0, 0, 0, 63, 0, 0, 0, 9, 72
"c:\Users\INNOVACIÓN\Documents\JhonM\Archivos de Backend - COOMUVEMAR\backend-\src\productor\tests\productor.controller.spec.ts", "TypeScript", 0, 0, 0, 0, 0, 16, 0, 0, 0, 5, 21
"c:\Users\INNOVACIÓN\Documents\JhonM\Archivos de Backend - COOMUVEMAR\backend-\src\productor\tests\productor.service.spec.ts", "TypeScript", 0, 0, 0, 0, 0, 14, 0, 0, 0, 5, 19
"c:\Users\INNOVACIÓN\Documents\JhonM\Archivos de Backend - COOMUVEMAR\backend-\src\sec-ficha\dto\create-sec-ficha.dto.ts", "TypeScript", 0, 0, 0, 0, 0, 13, 0, 0, 0, 3, 16
"c:\Users\INNOVACIÓN\Documents\JhonM\Archivos de Backend - COOMUVEMAR\backend-\src\sec-ficha\dto\index.ts", "TypeScript", 0, 0, 0, 0, 0, 2, 0, 0, 0, 1, 3
"c:\Users\INNOVACIÓN\Documents\JhonM\Archivos de Backend - COOMUVEMAR\backend-\src\sec-ficha\dto\update-sec-ficha.dto.ts", "TypeScript", 0, 0, 0, 0, 0, 3, 0, 0, 0, 2, 5
"c:\Users\INNOVACIÓN\Documents\JhonM\Archivos de Backend - COOMUVEMAR\backend-\src\sec-ficha\entities\index.ts", "TypeScript", 0, 0, 0, 0, 0, 2, 0, 0, 0, 0, 2
"c:\Users\INNOVACIÓN\Documents\JhonM\Archivos de Backend - COOMUVEMAR\backend-\src\sec-ficha\entities\sec.ficha.entity.ts", "TypeScript", 0, 0, 0, 0, 0, 11, 0, 0, 0, 4, 15
"c:\Users\INNOVACIÓN\Documents\JhonM\Archivos de Backend - COOMUVEMAR\backend-\src\sec-ficha\entities\update.sec.ficha.entity.ts", "TypeScript", 0, 0, 0, 0, 0, 2, 0, 0, 0, 2, 4
"c:\Users\INNOVACIÓN\Documents\JhonM\Archivos de Backend - COOMUVEMAR\backend-\src\sec-ficha\interfaces\index.ts", "TypeScript", 0, 0, 0, 0, 0, 1, 0, 0, 0, 1, 2
"c:\Users\INNOVACIÓN\Documents\JhonM\Archivos de Backend - COOMUVEMAR\backend-\src\sec-ficha\interfaces\seccion.interface.ts", "TypeScript", 0, 0, 0, 0, 0, 4, 0, 0, 0, 1, 5
"c:\Users\INNOVACIÓN\Documents\JhonM\Archivos de Backend - COOMUVEMAR\backend-\src\sec-ficha\sec-ficha.controller.ts", "TypeScript", 0, 0, 0, 0, 0, 116, 0, 0, 0, 9, 125
"c:\Users\INNOVACIÓN\Documents\JhonM\Archivos de Backend - COOMUVEMAR\backend-\src\sec-ficha\sec-ficha.module.ts", "TypeScript", 0, 0, 0, 0, 0, 8, 0, 0, 0, 2, 10
"c:\Users\INNOVACIÓN\Documents\JhonM\Archivos de Backend - COOMUVEMAR\backend-\src\sec-ficha\sec-ficha.service.ts", "TypeScript", 0, 0, 0, 0, 0, 62, 0, 0, 0, 10, 72
"c:\Users\INNOVACIÓN\Documents\JhonM\Archivos de Backend - COOMUVEMAR\backend-\src\sec-ficha\spec\sec-ficha.controller.spec.ts", "TypeScript", 0, 0, 0, 0, 0, 16, 0, 0, 0, 5, 21
"c:\Users\INNOVACIÓN\Documents\JhonM\Archivos de Backend - COOMUVEMAR\backend-\src\sec-ficha\spec\sec-ficha.service.spec.ts", "TypeScript", 0, 0, 0, 0, 0, 14, 0, 0, 0, 5, 19
"c:\Users\INNOVACIÓN\Documents\JhonM\Archivos de Backend - COOMUVEMAR\backend-\src\user\dto\create-user.dto.ts", "TypeScript", 0, 0, 0, 0, 0, 38, 0, 0, 0, 5, 43
"c:\Users\INNOVACIÓN\Documents\JhonM\Archivos de Backend - COOMUVEMAR\backend-\src\user\dto\edit-user.dto.ts", "TypeScript", 0, 0, 0, 0, 0, 3, 0, 0, 0, 2, 5
"c:\Users\INNOVACIÓN\Documents\JhonM\Archivos de Backend - COOMUVEMAR\backend-\src\user\dto\index.ts", "TypeScript", 0, 0, 0, 0, 0, 2, 0, 0, 0, 0, 2
"c:\Users\INNOVACIÓN\Documents\JhonM\Archivos de Backend - COOMUVEMAR\backend-\src\user\entities\index.ts", "TypeScript", 0, 0, 0, 0, 0, 1, 0, 0, 0, 0, 1
"c:\Users\INNOVACIÓN\Documents\JhonM\Archivos de Backend - COOMUVEMAR\backend-\src\user\entities\user.entity.ts", "TypeScript", 0, 0, 0, 0, 0, 17, 0, 0, 0, 6, 23
"c:\Users\INNOVACIÓN\Documents\JhonM\Archivos de Backend - COOMUVEMAR\backend-\src\user\interfaces\index.ts", "TypeScript", 0, 0, 0, 0, 0, 1, 0, 0, 0, 0, 1
"c:\Users\INNOVACIÓN\Documents\JhonM\Archivos de Backend - COOMUVEMAR\backend-\src\user\interfaces\user.interface.ts", "TypeScript", 0, 0, 0, 0, 0, 6, 0, 0, 0, 1, 7
"c:\Users\INNOVACIÓN\Documents\JhonM\Archivos de Backend - COOMUVEMAR\backend-\src\user\user.controller.ts", "TypeScript", 0, 0, 0, 0, 0, 109, 0, 0, 0, 9, 118
"c:\Users\INNOVACIÓN\Documents\JhonM\Archivos de Backend - COOMUVEMAR\backend-\src\user\user.module.ts", "TypeScript", 0, 0, 0, 0, 0, 9, 0, 0, 0, 2, 11
"c:\Users\INNOVACIÓN\Documents\JhonM\Archivos de Backend - COOMUVEMAR\backend-\src\user\user.service.ts", "TypeScript", 0, 0, 0, 0, 0, 63, 0, 0, 2, 12, 77
"c:\Users\INNOVACIÓN\Documents\JhonM\Archivos de Backend - COOMUVEMAR\backend-\test\app.e2e-spec.ts", "TypeScript", 0, 0, 0, 0, 0, 20, 0, 0, 0, 5, 25
"c:\Users\INNOVACIÓN\Documents\JhonM\Archivos de Backend - COOMUVEMAR\backend-\test\jest-e2e.json", "JSON", 0, 0, 9, 0, 0, 0, 0, 0, 0, 1, 10
"c:\Users\INNOVACIÓN\Documents\JhonM\Archivos de Backend - COOMUVEMAR\backend-\tsconfig.build.json", "JSON", 0, 0, 4, 0, 0, 0, 0, 0, 0, 1, 5
"c:\Users\INNOVACIÓN\Documents\JhonM\Archivos de Backend - COOMUVEMAR\backend-\tsconfig.json", "JSON with Comments", 0, 0, 0, 21, 0, 0, 0, 0, 0, 1, 22
"Total", "-", 2, 25, 14510, 21, 126, 4154, 51, 213, 326, 906, 20334